<?xml version="1.0" encoding='ISO-8859-1'?>
<!DOCTYPE book PUBLIC "-//OASIS//DTD DocBook XML V4.4//EN"
"http://www.oasis-open.org/docbook/xml/4.4/docbookx.dtd" [

<!ENTITY admin SYSTEM "call_control_admin.xml">
<!ENTITY faq SYSTEM "../../../doc/module_faq.xml">

<!-- Include general documentation entities -->
<!ENTITY % docentities SYSTEM "../../../doc/entities.xml">
%docentities;

]>

<book>
  <bookinfo>
  <title>Call Control Module</title>
  <authorgroup>
    <author>
    <firstname>Dan</firstname>
    <surname>Pascu</surname>
    <email>dan@ag-projects.com</email>
    </author>
    <editor>
    <firstname>Dan</firstname>
    <surname>Pascu</surname>
    <email>dan@ag-projects.com</email>
    </editor>
     <editor>
    <firstname>Irina-Maria</firstname>
    <surname>Stanescu</surname>
    <email>ironmissy@gmail.com</email>
    </editor>
  </authorgroup>
  <copyright>
    <year>2005-2008</year>
    <holder>Dan Pascu</holder>
  </copyright>
  <revhistory>
    <revision>
    <revnumber>$Revision: 6149 $</revnumber>
    <date>$Date: 2009-09-17 13:45:11 +0100 (Thu, 17 Sep 2009) $</date>
    </revision>
  </revhistory>
  </bookinfo>
  <toc></toc>

  &admin;
  &faq;

</book>
