<?xml version="1.0" encoding='ISO-8859-1'?>
<!DOCTYPE book PUBLIC "-//OASIS//DTD DocBook XML V4.4//EN"
"http://www.oasis-open.org/docbook/xml/4.4/docbookx.dtd" [


<!ENTITY admin SYSTEM "db_oracle_admin.xml">
<!ENTITY faq SYSTEM "../../../doc/module_faq.xml">

<!-- Include general documentation entities -->
<!ENTITY % docentities SYSTEM "../../../doc/entities.xml">
%docentities;

]>

<book>
    <bookinfo>
	<title>oracle Module</title>
	<productname class="trade">&osipsname;</productname>
	<authorgroup>
	    <author>
		<firstname>Iouri</firstname>
		<surname>Kharon</surname>
		<email>yjh@styx.cabel.net</email>
	    </author>
	    <author>
		<firstname>Yury</firstname>
		<surname>Skandarov</surname>
		<email>kandman@trunkmobile.com</email>
	    </author>
	    <author>
		<firstname>Iakov</firstname>
		<surname>Kharon</surname>
		    <email>jyh@trunkmobile.com</email>
	    </author>
	    <editor>
		<firstname>Iouri</firstname>
		<surname>Kharon</surname>
		<email>yjh@styx.cabel.net</email>
	    </editor>
	</authorgroup>
	<copyright>
	    <year>2007,2008</year>
	    <holder>TRUNK MOBILE, INC.</holder>
	</copyright>
	<revhistory>
	    <revision>
		<revnumber>$Revision: 5901 $</revnumber>
		<date>$Date: 2009-07-21 08:45:05 +0100 (Tue, 21 Jul 2009) $</date>
	    </revision>
	</revhistory>
    </bookinfo>
    <toc></toc>

    &admin;
    &faq;

</book>
