<book>
<title>OpenSIPS database tables</title>
<bookinfo>
	<productname class="trade">&osips;</productname>
	<authorgroup>
		<author>
			<firstname>&osips;</firstname>
			<surname>Development Team</surname>
			<affiliation><orgname>&osipshomelink;</orgname></affiliation>
			<address>&osipsdevmail;</address>
		</author>
	</authorgroup>
	<copyright>
		<year>2007-2011</year>
		<holder>OpenSIPS development Team</holder>
	</copyright>
	<revhistory>
		<revision>
			<revnumber>$Revision: 8169 $</revnumber>
			<date>$Date: 2011-07-12 18:18:00 +0100 (Tue, 12 Jul 2011) $</date>
		</revision>
	</revhistory>
</bookinfo>
