<?xml version="1.0" encoding='ISO-8859-1'?>
<!DOCTYPE book PUBLIC "-//OASIS//DTD DocBook XML V4.4//EN"
"http://www.oasis-open.org/docbook/xml/4.4/docbookx.dtd" [


<!ENTITY admin SYSTEM "carrierroute_admin.xml">
<!ENTITY faq SYSTEM "../../../doc/module_faq.xml">

<!-- Include general OpenSIPS documentation entities -->
<!ENTITY % docentities SYSTEM "../../../doc/entities.xml">
%docentities;

]>

<book>
	<bookinfo>
	<title>carrierroute</title>
	<productname class="trade">&osipsname;</productname>
	<authorgroup>
		<author>
		<firstname>Jonas</firstname>
		<surname>Appel</surname>
		<affiliation><orgname>1&amp;1 Internet AG</orgname></affiliation>
		</author>
		<author>
		<firstname>Hardy</firstname>
		<surname>Kahl</surname>
		<affiliation><orgname>1&amp;1 Internet AG</orgname></affiliation>
		</author>
		<author>
		<firstname>Henning</firstname>
		<surname>Westerholt</surname>
		<affiliation><orgname>1&amp;1 Internet AG</orgname></affiliation>
		<address>
			<email>henning.westerholt@1und1.de</email>
		</address>
		</author>
		<!--
		<editor>
		<firstname>EditorFirstname</firstname>
		<surname>EditorLastname</surname>
		<address>
			<email>editor@email.net</email>
		</address>
		</editor>
		-->
	</authorgroup>
	<copyright>
		<year>2007</year>
		<holder>1&amp;1 Internet AG</holder>
	</copyright>
	<revhistory>
		<revision>
		<revnumber>$Revision: 5901 $</revnumber>
		<date>$Date: 2009-07-21 08:45:05 +0100 (Tue, 21 Jul 2009) $</date>
		</revision>
	</revhistory>
	</bookinfo>
	<toc></toc>
	
	&admin;
	&faq;
	
</book>
