<?xml version="1.0" encoding='ISO-8859-1'?>
<!DOCTYPE book PUBLIC "-//OASIS//DTD DocBook XML V4.4//EN"
"http://www.oasis-open.org/docbook/xml/4.4/docbookx.dtd" [

<!ENTITY admin SYSTEM "db_text_admin.xml">
<!ENTITY devel SYSTEM "db_text_devel.xml">
<!ENTITY faq SYSTEM "../../../doc/module_faq.xml">

<!ENTITY dbtextsercfg SYSTEM "db_text.cfg">

<!-- Include general documentation entities -->
<!ENTITY % docentities SYSTEM "../../../doc/entities.xml">
%docentities;

]>

<book>
    <bookinfo>
	<title>DBTEXT Module</title>
	<productname class="trade">&osipsname;</productname>
	<authorgroup>
	    <author>
		<firstname>Daniel-Constantin</firstname>
		<surname>Mierla</surname>
		<email>miconda@gmail.com</email>
	    </author>
	    <editor>
		<firstname>Daniel-Constantin</firstname>
		<surname>Mierla</surname>
		<email>miconda@gmail.com</email>
	    </editor>
	</authorgroup>
	<copyright>
	    <year>2003</year>
	    <year>2004</year>
	    <holder>&fhg;</holder>
	</copyright>
	<revhistory>
	    <revision>
		<revnumber>$Revision: 5901 $</revnumber>
		<date>$Date: 2009-07-21 08:45:05 +0100 (Tue, 21 Jul 2009) $</date>
	    </revision>
	</revhistory>
    </bookinfo>
    <toc></toc>
    
    &admin;
    &devel;
    &faq;

</book>
