<?xml version="1.0" encoding='ISO-8859-1'?>
<!DOCTYPE book PUBLIC "-//OASIS//DTD DocBook XML V4.4//EN"
"http://www.oasis-open.org/docbook/xml/4.4/docbookx.dtd" [

<!ENTITY admin SYSTEM "alias_db_admin.xml">
<!ENTITY faq SYSTEM "alias_db_faq.xml">

<!ENTITY aliasdbsql SYSTEM "alias_db.sql">

<!-- Include general documentation entities -->
<!ENTITY % docentities SYSTEM "../../../doc/entities.xml">
%docentities;

]>

<book>
	<bookinfo>
	<title>ALIAS_DB Module</title>
	<productname class="trade">&osipsname;</productname>
	<authorgroup>
		<author>
			<firstname>Daniel-Constantin</firstname>
			<surname>Mierla</surname>
			<email>team@voice-system.ro</email>
		</author>
		<author>
			<firstname>Elena-Ramona</firstname>
			<surname>Modroiu</surname>
			<email>team@voice-system.ro</email>
		</author>
		<editor>
			<firstname>Daniel-Constantin</firstname>
			<surname>Mierla</surname>
			<email>team@voice-system.ro</email>
		</editor>
	</authorgroup>
	<copyright>
		<year>2005-2009</year>
		<holder>&voicesystem;</holder>
	</copyright>
	</bookinfo>
	<toc></toc>

	&admin;
	&faq;
</book>
