<!-- Module User's Guide -->

<chapter>
	
	<title>&adminguide;</title>
	
	<section>
	<title>Overview</title>
	<para>
		This is a module which provides MySQL connectivity for OpenSIPS.
		It implements the DB API defined in OpenSIPS.
	</para>
	</section>

	<section>
	<title>Dependencies</title>
	<section>
		<title>&osips; Modules</title>
		<para>
		The following modules must be loaded before this module:
			<itemizedlist>
			<listitem>
			<para>
				<emphasis>No dependencies on other &osips; modules</emphasis>.
			</para>
			</listitem>
			</itemizedlist>
		</para>
	</section>
	<section>
		<title>External Libraries or Applications</title>
		<para>
		The following libraries or applications must be installed before running
		&osips; with this module loaded:
			<itemizedlist>
			<listitem>
			<para>
				<emphasis>libmysqlclient-dev</emphasis> - the development libraries of mysql-client.
			</para>
			</listitem>
			</itemizedlist>
		</para>
	</section>
	</section>
	<section>
	<title>Exported Parameters</title>
	<section>
		<title><varname>ping_interval</varname> (integer)</title>
		<para>
		Time interval to send ping messages to MySQL server in order to keep
		the connection open.
		</para>
		<para>
		<emphasis>
			Default value is 300 (5 min).
		</emphasis>
		</para>
		<example>
		<title>Set <varname>ping_interval</varname> parameter</title>
		<programlisting format="linespecific">
...
modparam("db_mysql", "ping_interval", 600)
...
</programlisting>
		</example>
	</section>
	<section>
		<title><varname>exec_query_threshold</varname> (integer)</title>
		<para>
		If queries take longer than 'exec_query_threshold' microseconds, warning
		messages will be written to logging facility.
		</para>
		<para>
		<emphasis>
			Default value is 0 - disabled.
		</emphasis>
		</para>
		<example>
		<title>Set <varname>exec_query_threshold</varname> parameter</title>
		<programlisting format="linespecific">
...
modparam("db_mysql", "exec_query_threshold", 60000)
...
</programlisting>
		</example>
	</section>
		<section>
		<title><varname>timeout_interval</varname> (integer)</title>
		<para>
		Time interval after that an connection attempt, read or write request
		is aborted. The value counts three times, as several retries are done
		from the driver before it gives up.
		</para>
		<para>
		The read timeout parameter is ignored on driver versions prior to
		<quote>5.1.12</quote>, <quote>5.0.25</quote> and <quote>4.1.22</quote>.
		The write timeout parameter is ignored on version prior to <quote>5.1.12</quote>
		and <quote>5.0.25</quote>, the <quote>4.1</quote> release don't support it at all.
		</para>
		<para>
		<emphasis>
			Default value is 2 (6 sec).
		</emphasis>
		</para>
		<example>
		<title>Set <varname>timeout_interval</varname> parameter</title>
		<programlisting format="linespecific">
...
modparam("db_mysql", "timeout_interval", 2)
...
</programlisting>
		</example>
	</section>
	</section>
	<section>
	<title>Exported Functions</title>
		<para>
		No function exported to be used from configuration file.
		</para>
	</section>
	<section>
	<title>Installation</title>
		<para>
		Because it dependes on an external library, the mysql module is not
		compiled and installed by default. You can use one of the next options.
		</para>
		<itemizedlist>
			<listitem>
			<para>
			- edit the "Makefile" and remove "db_mysql" from "excluded_modules"
			list. Then follow the standard procedure to install &osips;:
			"make all; make install".
			</para>
			</listitem>
			<listitem>
			<para>
			- from command line use: 'make all include_modules="db_mysql";
			make install include_modules="db_mysql"'.
			</para>
			</listitem>
		</itemizedlist>
	</section>
</chapter>

