<?xml version="1.0" encoding='ISO-8859-1'?>
<!DOCTYPE book PUBLIC "-//OASIS//DTD DocBook XML V4.4//EN"
"http://www.oasis-open.org/docbook/xml/4.4/docbookx.dtd" [


<!ENTITY admin SYSTEM "db_berkeley_admin.xml">
<!ENTITY faq SYSTEM "../../../doc/module_faq.xml">

<!-- Include general documentation entities -->
<!ENTITY % docentities SYSTEM "../../../doc/entities.xml">
%docentities;

]>

<book>
    <bookinfo>
	<title>Berkeley DB Module</title>
	<productname class="trade">&osipsname;</productname>
	<authorgroup>
	    <author>
		<firstname>Will</firstname>
		<surname>Quan</surname>
		<affiliation><orgname>Cisco Systems</orgname></affiliation>
		<address>
		<email>wiquan@cisco.com</email>
		<otheraddr>
		<ulink url="http://www.cisco.com">http://www.cisco.com</ulink>
		</otheraddr>
		</address>
	    </author>
	    <editor>
		<firstname>Will</firstname>
		<surname>Quan</surname>
		<address>
		    <email>wiquan@cisco.com</email>
		</address>
	    </editor>
	</authorgroup>
	<copyright>
	    <year>2007</year>
	    <holder>Cisco Systems</holder>
	</copyright>
	<revhistory>
	    <revision>
		<revnumber>$Revision: 5901 $</revnumber>
		<date>$Date: 2009-07-21 08:45:05 +0100 (Tue, 21 Jul 2009) $</date>
	    </revision>
	</revhistory>
    </bookinfo>
    <toc></toc>
    
    &admin;
    &faq;
    
</book>
