<?xml version="1.0" encoding='ISO-8859-1'?>
<!DOCTYPE book PUBLIC "-//OASIS//DTD DocBook XML V4.4//EN"
"http://www.oasis-open.org/docbook/xml/4.4/docbookx.dtd" [


<!ENTITY admin SYSTEM "db_postgres_admin.xml">
<!ENTITY faq SYSTEM "../../../doc/module_faq.xml">

<!-- Include general documentation entities -->
<!ENTITY % docentities SYSTEM "../../../doc/entities.xml">
%docentities;

]>

<book>
    <bookinfo>
	<title>postgres Module</title>
	<productname class="trade">&osipsname;</productname>
	<authorgroup>
	    <author>
		<firstname>Greg</firstname>
		<surname>Fausak</surname>
		<affiliation><orgname>August.net</orgname></affiliation>
		<address>
		    <email>greg@august.net</email>
		</address>
	    </author>
	    <editor>
		<firstname>Greg</firstname>
		<surname>Fausak</surname>
		<address>
		    <email>greg@august.net</email>
		</address>
	    </editor>
	</authorgroup>
	<copyright>
	    <year>2003</year>
	    <holder>Greg Fausak</holder>
	</copyright>
	<revhistory>
	    <revision>
		<revnumber>$Revision: 5898 $</revnumber>
		<date>$Date: 2009-07-20 17:41:39 +0100 (Mon, 20 Jul 2009) $</date>
	    </revision>
	</revhistory>
    </bookinfo>
    <toc></toc>
    
    &admin;
    &faq;
    
</book>
