<?xml version="1.0" encoding='ISO-8859-1'?>
<!DOCTYPE book PUBLIC "-//OASIS//DTD DocBook XML V4.4//EN"
"http://www.oasis-open.org/docbook/xml/4.4/docbookx.dtd" [


<!ENTITY admin SYSTEM "b2b_entities_admin.xml">
<!ENTITY devel SYSTEM "b2b_entities_devel.xml">
<!ENTITY faq SYSTEM "../../../doc/module_faq.xml">

<!-- Include general documentation entities -->
<!ENTITY % docentities SYSTEM "../../../doc/entities.xml">
%docentities;

]>

<book>
    <bookinfo>
	<title>B2B_ENTITIES</title>
	<productname class="trade">&osipsname;</productname>
	<authorgroup>
	    <author>
		<firstname>Anca-Maria</firstname>
		<surname>Vamanu</surname>
		<affiliation><orgname>&osips;</orgname></affiliation>
		<address>
		<email>anca@opensips.org</email>
		<otheraddr>
		<ulink url="http://www.opensips.org">http://opensips.org</ulink>
		</otheraddr>
		</address>
	    </author>
	    <editor>
		<firstname>Anca-Maria</firstname>
		<surname>Vamanu</surname>
		<address>
		    <email>anca@opensips.org</email>
		</address>
	    </editor>
	    <editor>
		<firstname>Ovidiu</firstname>
		<surname>Sas</surname>
		<address>
		    <email>osas@voipembedded.com</email>
		</address>
	    </editor>
	  	</authorgroup>
	<copyright>
		<year>2009</year>
		<holder>
		<firstname>Anca-Maria</firstname>
		<surname>Vamanu</surname>
	    </holder>
	</copyright>
	<revhistory>
	    <revision>
		<revnumber>$Revision: 8103 $</revnumber>
		<date>$Date: 2011-06-30 16:48:57 +0100 (Thu, 30 Jun 2011) $</date>
	    </revision>
	</revhistory>
  </bookinfo>
    <toc></toc>
    
	&admin;
	&devel;
    &faq;
    
</book>


