<?xml version="1.0" encoding='ISO-8859-1'?>
<!DOCTYPE book PUBLIC "-//OASIS//DTD DocBook XML V4.4//EN"
"http://www.oasis-open.org/docbook/xml/4.4/docbookx.dtd" [


<!ENTITY admin SYSTEM "db_http_admin.xml">


<!-- Include general documentation entities -->
<!ENTITY % docentities SYSTEM "../../../doc/entities.xml">
%docentities;

]>

<book>
    <bookinfo>
	<title>DB_HTTP Module</title>
	<productname class="trade">&osipsname;</productname>
	<authorgroup>
	    <author>
		<firstname>Andrei</firstname>
		<surname>Dragus</surname>
		<affiliation><orgname>&voicesystem;</orgname></affiliation>
		<address>
		<email>andreidragus@yahoo.com</email>
		</address>
	    </author>
	    <editor>
		<firstname>Andrei</firstname>
		<surname>Dragus</surname>
		<address>
		    <email>andreidragus@yahoo.com</email>
		</address>
	    </editor>
	</authorgroup>
	<copyright>
	    <year>2009</year>
	    <holder>&voicesystem;</holder>
	</copyright>
	<revhistory>
	    <revision>
		<revnumber>$Revision: 8742 $</revnumber>
		<date>$Date: 2012-02-22 17:34:34 +0000 (Wed, 22 Feb 2012) $</date>
	    </revision>
	</revhistory>
  </bookinfo>
    <toc></toc>
    
    &admin;
       
</book>


