<?xml version="1.0" encoding='ISO-8859-1'?>
<!DOCTYPE book PUBLIC "-//OASIS//DTD DocBook XML V4.4//EN"
"http://www.oasis-open.org/docbook/xml/4.4/docbookx.dtd" [


<!ENTITY admin SYSTEM "db_flatstore_admin.xml">
<!ENTITY devel SYSTEM "db_flatstore_devel.xml">
<!ENTITY faq SYSTEM "../../../doc/module_faq.xml">

<!-- Include general documentation entities -->
<!ENTITY % docentities SYSTEM "../../../doc/entities.xml">
%docentities;

]>

<book>
	<bookinfo>
	<title>Flatstore Module</title>
	<productname class="trade">&osipsname;</productname>
	<authorgroup>
		<author>
		<firstname>Jan</firstname>
		<surname>Janak</surname>
		<affiliation><orgname>FhG FOKUS</orgname></affiliation>
		<address>
			<email>jan@iptel.org</email>
		</address>
		</author>
		<editor>
		<firstname>Jan</firstname>
		<surname>Janak</surname>
		<address>
			<email>jan@iptel.org</email>
		</address>
		</editor>
	</authorgroup>
	<copyright>
		<year>2004</year>
		<year>2005</year>
		<holder>FhG FOKUS</holder>
	</copyright>
	<revhistory>
		<revision>
		<revnumber>$Revision: 5901 $</revnumber>
		<date>$Date: 2009-07-21 08:45:05 +0100 (Tue, 21 Jul 2009) $</date>
		</revision>
	</revhistory>
	</bookinfo>
	<toc></toc>
	
	&admin;
	&devel;
	&faq;
	
</book>
