<?xml version="1.0" encoding="UTF-8"?>
<!DOCTYPE table PUBLIC "-//opensips.org//DTD DBSchema V1.1//EN" 
  "http://opensips.org/pub/opensips/dbschema/dtd/1.1/dbschema.dtd" [

<!ENTITY % entities SYSTEM "entities.xml">
%entities;

]>

<table id="b2b_logic" xmlns:db="http://docbook.org/ns/docbook">
    <name>b2b_logic</name>
    <version>2</version>
    <type db="mysql">&MYSQL_TABLE_TYPE;</type>
    <description>
        <db:para>Table for the b2b_logic module. More information can be found at: &OPENSIPS_MOD_DOC;b2b_logic.html
        </db:para>
    </description>

    <column id="id">
        <name>id</name>
        <type>unsigned int</type>
        <size>&table_id_len;</size>
        <autoincrement/>
        <primary/>
        <type db="dbtext">int,auto</type>
        <description>Unique ID</description>
    </column>

    <column id="si_key">
        <name>si_key</name>
        <type>string</type>
        <size>&user_len;</size>
        <unique/>
        <description>Scenario instantiation key</description>
        <natural/>
    </column>

    <column>
        <name>scenario</name>
        <type>string</type>
        <size>&user_len;</size>
        <description>Scenario id</description>
    </column>

    <column>
        <name>sstate</name>
        <type>int</type>
        <size>2</size>
        <description>Scenario State</description>
    </column>

    <column>
        <name>next_sstate</name>
        <type>int</type>
        <size>2</size>
        <description>Next Scenario State</description>
    </column>

    <column>
        <name>sparam0</name>
        <type>string</type>
        <size>&user_len;</size>
        <null/>
        <description>Scenario id</description>
    </column>

    <column>
        <name>sparam1</name>
        <type>string</type>
        <size>&user_len;</size>
        <null/>
        <description>Scenario id</description>
    </column>

    <column>
        <name>sparam2</name>
        <type>string</type>
        <size>&user_len;</size>
        <null/>
        <description>Scenario id</description>
    </column>

    <column>
        <name>sparam3</name>
        <type>string</type>
        <size>&user_len;</size>
        <null/>
        <description>Scenario id</description>
    </column>

    <column>
        <name>sparam4</name>
        <type>string</type>
        <size>&user_len;</size>
        <null/>
        <description>Scenario id</description>
    </column>

    <column>
        <name>sdp</name>
        <type>text</type>
        <size>&user_len;</size>
        <null/>
        <description>Scenario id</description>
    </column>

    <column>
        <name>lifetime</name>
        <type>int</type>
        <size>10</size>
        <default>0</default>
        <description>Lifetime</description>
    </column>

    <column>
        <name>e1_type</name>
        <type>int</type>
        <size>2</size>
        <description>E1 type</description>
    </column>

    <column>
        <name>e1_sid</name>
        <type>string</type>
        <size>&user_len;</size>
        <description>E1 Scenario ID</description>
    </column>


    <column>
        <name>e1_from</name>
        <type>string</type>
        <size>&uri_len;</size>
        <description>E1 From URI</description>
    </column>

    <column>
        <name>e1_to</name>
        <type>string</type>
        <size>&uri_len;</size>
        <description>E1 To URI</description>
    </column>

    <column>
        <name>e1_key</name>
        <type>string</type>
        <size>&user_len;</size>
        <description>E1 Key</description>
    </column>

    <column>
        <name>e2_type</name>
        <type>int</type>
        <size>2</size>
        <description>E2 type</description>
    </column>

    <column>
        <name>e2_sid</name>
        <type>string</type>
        <size>&user_len;</size>
        <description>E2 Scenario ID</description>
    </column>

    <column>
        <name>e2_from</name>
        <type>string</type>
        <size>&uri_len;</size>
        <description>E2 From URI</description>
    </column>

    <column>
        <name>e2_to</name>
        <type>string</type>
        <size>&uri_len;</size>
        <description>E2 To URI</description>
    </column>

    <column>
        <name>e2_key</name>
        <type>string</type>
        <size>&user_len;</size>
        <description>E2 Key</description>
    </column>

   <column>
        <name>e3_type</name>
        <type>int</type>
        <size>2</size>
        <null/>
        <description>E3 type</description>
    </column>

    <column>
        <name>e3_sid</name>
        <type>string</type>
        <size>&user_len;</size>
        <null/>
        <description>E3 Scenario ID</description>
    </column>


    <column>
        <name>e3_from</name>
        <type>string</type>
        <size>&uri_len;</size>
        <null/>
        <description>E3 From URI</description>
    </column>

    <column>
        <name>e3_to</name>
        <type>string</type>
        <size>&uri_len;</size>
        <null/>
        <description>E3 To URI</description>
    </column>

    <column>
        <name>e3_key</name>
        <type>string</type>
        <size>&user_len;</size>
        <null/>
        <description>E3 Key</description>
    </column>

     <index>
        <name>b2b_logic_idx</name>
        <colref linkend="si_key"/>
        <unique/>
    </index>

</table>
