<?xml version="1.0" encoding="UTF-8"?>
<!DOCTYPE table PUBLIC "-//opensips.org//DTD DBSchema V1.1//EN" 
  "http://opensips.org/pub/opensips/dbschema/dtd/1.1/dbschema.dtd" [

<!ENTITY % entities SYSTEM "entities.xml">
%entities;

]>

<table id="closeddial" xmlns:db="http://docbook.org/ns/docbook">
    <name>closeddial</name>
    <version>1</version>
    <type db="mysql">&MYSQL_TABLE_TYPE;</type>
    <description>
        <db:para>This table is used by the closeddial module to provide closed dial functionality for groups of usernames; This is a functionality similar to a Centrex. More information about the closeddial module can be found at: &OPENSIPS_MOD_DOC;closeddial.html
        </db:para>
    </description>

    <column id="id">
        <name>id</name>
        <type>unsigned int</type>
        <size>&table_id_len;</size>
        <autoincrement/>
        <primary/>
        <type db="dbtext">int,auto</type>
        <description>unique ID</description>
    </column>

    <column id="username">
        <name>&USERCOL;</name>
        <type>string</type>
        <size>&user_len;</size>
        <default/>
        <description>Username / phone number</description>
        <natural/>
    </column>

    <column id="domain">
        <name>domain</name>
        <type>string</type>
        <size>&domain_len;</size>
        <default/>
        <description>Domain name</description>
        <natural/>
    </column>

    <column id="cd_username">
        <name>cd_username</name>
        <type>string</type>
        <size>&user_len;</size>
        <default/>
        <description>Closed dial username</description>
    </column>

    <column id="cd_domain">
        <name>cd_domain</name>
        <type>string</type>
        <size>&domain_len;</size>
        <default/>
        <description>Closed dial domain</description>
    </column>

    <column id="group_id">
	<name>group_id</name>
	<type>string</type>
	<size>&domain_len;</size>
	<default/>
	<description>Attribute use to group usernames</description>
    </column>

    <column>
        <name>new_uri</name>
        <type>string</type>
        <size>&uri_len;</size>
        <default/>
        <description>New URI</description>
    </column>

    <index>
        <name>cd_idx1</name>
        <colref linkend="username"/>
        <colref linkend="domain"/>
        <colref linkend="cd_domain"/>
        <colref linkend="cd_username"/>
	<colref linkend="group_id"/>
        <unique/>
    </index>

    <index>
	<name>cd_idx2</name>
	<colref linkend="group_id"/>
    </index>

    <index>
	<name>cd_idx3</name>
	<colref linkend="cd_username"/>
    </index>

    <index>
	<name>cd_idx4</name>
	<colref linkend="username"/>
    </index>

</table>
