<?xml version="1.0" encoding="UTF-8"?>
<!DOCTYPE table PUBLIC "-//opensips.org//DTD DBSchema V1.1//EN" 
  "http://opensips.org/pub/opensips/dbschema/dtd/1.1/dbschema.dtd" [

<!ENTITY % entities SYSTEM "entities.xml">
%entities;

]>

<table id="dr_gw_lists" xmlns:db="http://docbook.org/ns/docbook">
	<name>dr_gw_lists</name>
	<version>1</version>
	<type db="mysql">&MYSQL_TABLE_TYPE;</type>
	<description>
		<db:para>This table is used by the Dynamic Routing module to define
		lists of gateways to be used in rule definitions.
		More information can be found at: &OPENSIPS_MOD_DOC;drouting.html.
		</db:para>
	</description>

	<column id="id">
		<name>id</name>
		<type>unsigned int</type>
		<size>&table_id_len;</size>
		<autoincrement/>
		<natural/>
		<primary/>
		<type db="dbtext">int,auto</type>
		<description>Unique ID</description>
	</column>

	<column id="gwlist">
		<name>gwlist</name>
		<type>string</type>
		<size>255</size>
		<description>Reference to the GWs/destinations from the list.
		</description>
	</column>

	<column id="description">
		<name>description</name>
		<type>string</type>
		<size>128</size>
		<default></default>
		<description>Text description of the GW list</description>
	</column>

</table>
