<?xml version="1.0" encoding="UTF-8"?>
<!DOCTYPE table PUBLIC "-//opensips.org//DTD DBSchema V1.1//EN" 
  "http://opensips.org/pub/opensips/dbschema/dtd/1.1/dbschema.dtd" [

<!ENTITY % entities SYSTEM "entities.xml">
%entities;

]>

<table id="presentity" xmlns:db="http://docbook.org/ns/docbook">
    <name>presentity</name>
    <version>5</version>
    <type db="mysql">&MYSQL_TABLE_TYPE;</type>
    <description>
        <db:para>Table for the presence module. More information can be found at: &OPENSIPS_MOD_DOC;presence.html
        </db:para>
    </description>

    <column id="id">
        <name>id</name>
        <type>unsigned int</type>
        <size>&table_id_len;</size>
        <autoincrement/>
        <primary/>
        <type db="dbtext">int,auto</type>
        <description>Unique ID</description>
    </column>

    <column id="username">
        <name>username</name>
        <type>string</type>
        <size>&user_len;</size>
        <description>User name</description>
        <natural/>
    </column>

    <column id="domain">
        <name>domain</name>
        <type>string</type>
        <size>&domain_len;</size>
        <description>Domain</description>
        <natural/>
    </column>

    <column id="event">
        <name>event</name>
        <type>string</type>
        <size>&user_len;</size>
        <description>Event</description>
        <natural/>
    </column>

    <column id="etag">
        <name>etag</name>
        <type>string</type>
        <size>&user_len;</size>
        <description>User name</description>
    </column>

    <column id="expires">
        <name>expires</name>
        <type>int</type>
        <size>&expires_len;</size>
        <description>Expires</description>
    </column>

    <column>
        <name>received_time</name>
        <type>int</type>
        <size>&expires_len;</size>
        <description>Reveived time</description>
    </column>

    <column>
        <name>body</name>
        <type>binary</type>
    </column>

    <column>
        <name>extra_hdrs</name>
        <default/>
        <type>binary</type>
    </column>

    <column id="sender">
        <name>sender</name>
        <type>string</type>
        <size>&uri_len;</size>
        <description>Sender contact</description>
    </column>

    <index>
        <name>presentity_idx</name>
        <colref linkend="username"/>
        <colref linkend="domain"/>
        <colref linkend="event"/>
        <colref linkend="etag"/>
        <unique/>
    </index>

</table>
