<?xml version="1.0" encoding="UTF-8"?>
<!DOCTYPE table PUBLIC "-//opensips.org//DTD DBSchema V1.1//EN" 
	  "http://opensips.org/pub/opensips/dbschema/dtd/1.1/dbschema.dtd" [
	  
	  <!ENTITY % entities SYSTEM "entities.xml">
	  %entities;
	  
	  ]>
	  
	  <table id="route_tree" xmlns:db="http://docbook.org/ns/docbook">
		  <name>route_tree</name>
		  <version>2</version>
		  <type db="mysql">&MYSQL_TABLE_TYPE;</type>
		  <description>
			  <db:para>This table is used by the carrierroute module to provides routing, balancing and blacklisting capabilities. More information is available at: &OPENSIPS_MOD_DOC;carrierroute.html
			  </db:para>
		  </description>
		  
		  <column id="id">
			  <name>id</name>
			  <type>unsigned int</type>
			  <size>&table_id_len;</size>
			  <natural/>
			  <autoincrement/>
			  <primary/>
			  <type db="dbtext">int,auto</type>
			  <description>unique ID</description>
		  </column>
		  
		  <column>
			  <name>carrier</name>
			  <type>string</type>
			  <size>&user_len;</size>
			  <null/>
			  <default><null/></default>
			  <description>This column contains the carrier name.</description>
		  </column>
	  </table>
