<?xml version="1.0" encoding="UTF-8"?>
<!DOCTYPE table PUBLIC "-//opensips.org//DTD DBSchema V1.1//EN"
    "http://opensips.org/pub/opensips/dbschema/dtd/1.1/dbschema.dtd"[
    <!ENTITY % entities SYSTEM "entities.xml">
    %entities;

]>

<table id="version" xmlns:xi="http://www.w3.org/2001/XInclude">
    <name>version</name>
    <type db="mysql">&MYSQL_TABLE_TYPE;</type>

    <column id="table_name">
        <name>table_name</name>
        <type>string</type>
        <size>32</size>
        <natural/>
    </column>
    <column id="tv">
        <name>table_version</name>
        <type>unsigned int</type>
        <default>0</default>
    </column>
    <index>
        <name>t_name_idx</name>
        <colref linkend="table_name"/>
        <unique/>
    </index>
</table>
