<?xml version="1.0" encoding='ISO-8859-1'?>
<!DOCTYPE book PUBLIC "-//OASIS//DTD DocBook XML V4.4//EN"
"http://www.oasis-open.org/docbook/xml/4.4/docbookx.dtd" [


<!ENTITY admin SYSTEM "closeddial_admin.xml">
<!ENTITY faq SYSTEM "../../../doc/module_faq.xml">

<!-- Include general documentation entities -->
<!ENTITY % docentities SYSTEM "../../../doc/entities.xml">
%docentities;

]>

<book>
    <bookinfo>
	<title>closeddial Module</title>
	<productname class="trade">&osipsname;</productname>
	<authorgroup>
	    <author>
		<firstname>Sergio</firstname>
		<surname>Gutierrez</surname>
		<address>
		    <email>saguti@gmail.com</email>
		</address>
	    </author>
	    <editor>
		<firstname>Sergio</firstname>
		<surname>Gutierrez</surname>
		<address>
		    <email>saguti@gmail.com</email>
		</address>
	    </editor>
	</authorgroup>
	<copyright>
	    <year>2009</year>
	</copyright>
	<revhistory>
	    <revision>
		<revnumber>$Revision: 5901 $</revnumber>
		<date>$Date: 2009-02-07 18:00:00 -0500$</date>
	    </revision>
	</revhistory>
    </bookinfo>
    <toc></toc>
    
    &admin;
    &faq;
    
</book>
