<?xml version="1.0" encoding='ISO-8859-1'?>
<!DOCTYPE book PUBLIC "-//OASIS//DTD DocBook XML V4.4//EN"
"http://www.oasis-open.org/docbook/xml/4.4/docbookx.dtd" [


<!ENTITY admin SYSTEM "avpops_admin.xml">
<!ENTITY faq SYSTEM "../../../doc/module_faq.xml">

<!-- Include general documentation entities -->
<!ENTITY % docentities SYSTEM "../../../doc/entities.xml">
%docentities;

]>

<book>
	<bookinfo>
	<title>AVPops Module</title>
	<productname class="trade">&osipsname;</productname>
	<authorgroup>
		<author>
			<firstname>Ramona-Elena</firstname>
			<surname>Modroiu</surname>
				<email>ramona@rosdev.ro</email>
		</author>
		<editor>
			<firstname>Ramona-Elena</firstname>
			<surname>Modroiu</surname>
				<email>ramona@rosdev.ro</email>
		</editor>
	</authorgroup>
	<copyright>
		<year>2004-2008</year>
		<holder>&voicesystem;</holder>
	</copyright>
	<revhistory>
		<revision>
			<revnumber>$Revision: 5901 $</revnumber>
			<date>$Date: 2009-07-21 08:45:05 +0100 (Tue, 21 Jul 2009) $</date>
		</revision>
	</revhistory>
	</bookinfo>
	<toc></toc>

	&admin;
	&faq;

</book>
